i will be restructure my project to more clean version as shared below, we will follow a strict guide on doing this. 

target : API

rules: 
we won't touch any other file and it's structure.
we will move the target as described below.
we will update it's pathing in the other files and other files pathing in the new files.
we will just create the needed directories and files for the new structure that the target will use. only the target will be changed.


```
llm-engine/
├── src/
│   ├── api/
│   │   ├── __init__.py
│   │   ├── routes/
│   │   │   ├── __init__.py
│   │   │   ├── message.py
│   │   │   ├── session.py
│   │   │   └── health.py
│   │   ├── middleware/
│   │   │   ├── __init__.py
│   │   │   └── logging.py
│   │   └── app.py
│   ├── core/
│   │   ├── __init__.py
│   │   ├── flow_manager.py
│   │   ├── config_manager.py
│   │   ├── logger_setup.py
│   │   ├── get_location_advice.py
│   │   ├── poi_filter.py
│   │   ├── get_top_candidates.py
│   │   ├── function_api_builder.py
│   │   └── data_types.py
│   ├── managers/
│   │   ├── __init__.py
│   │   ├── state/
│   │   │   ├── __init__.py
│   │   │   ├── state_manager.py
│   │   │   └── json_state_manager.py
│   │   ├── history/
│   │   │   ├── __init__.py
│   │   │   ├── history_manager.py
│   │   │   └── json_history_manager.py
│   │   ├── cache/
│   │   │   ├── __init__.py
│   │   │   └── cache_manager.py
│   │   └── flow/
│   │       ├── __init__.py
│   │       └── flow_manager.py
│   ├── llm/
│   │   ├── __init__.py
│   │   └── llamarequest.py
│   └── utils/
│       ├── __init__.py
│       └── utils.py
├── tests/
│   ├── __init__.py
│   ├── test_api/
│   ├── test_core/
│   └── test_managers/
├── data/
│   ├── dataset/
│   │   ├── README.md
│   │   ├── dataset.csv
│   │   ├── category.csv
│   │   ├── subcategory.csv
│   │   ├── category_subcategory.csv
│   │   └── tags.csv
│   ├── cache/
│   ├── chat_history/
│   └── sessions/
├── logs/
├── config/
│   ├── __init__.py
│   ├── config.json
│   └── parameters.json
├── .env
├── .gitignore
├── README.md
├── requirements.txt
└── run.py
```

Key changes from the previous structure:

1. **Dataset Files**:
   - Your actual dataset files are:
     - `dataset.csv` (main dataset)
     - `category.csv`
     - `subcategory.csv`
     - `category_subcategory.csv`
     - `tags.csv`

2. **Source Code Organization**:
   - Added `llm/` directory for LLM-related code
   - Moved core functionality files to `core/`
   - Added `managers/cache/` and `managers/flow/` directories
   - Kept the existing manager structure

3. **Core Files**:
   - Added your actual core files:
     - `get_location_advice.py`
     - `poi_filter.py`
     - `get_top_candidates.py`
     - `function_api_builder.py`
     - `data_types.py`
